,f1_macro,f1_NONE,f1_FAVOR,f1_AGAINST,accuracy,recall_macro,recall_NONE,recall_FAVOR,recall_AGAINST,precision_macro,precision_NONE,precision_FAVOR,precision_AGAINST,set
0,0.22274123461116568,0.05063291139240507,0.19161676646706588,0.42597402597402606,0.2907268170426065,0.27505153124117127,0.025974025974025976,0.47761194029850745,0.3215686274509804,0.5835398060117162,1.0,0.1198501872659176,0.6307692307692307,all
0,0.2444783974195739,0.06060606060606061,0.2156862745098039,0.45714285714285713,0.3,0.30442282634446816,0.03125,0.5238095238095238,0.3582089552238806,0.5891271388347411,1.0,0.13580246913580246,0.631578947368421,vali_raw
0,0.2129328193046334,0.04347826086956522,0.18103448275862072,0.4142857142857143,0.2867383512544803,0.2624181998835098,0.022222222222222223,0.45652173913043476,0.30851063829787234,0.5811126694717158,1.0,0.11290322580645161,0.6304347826086957,test_raw
