,f1_macro,f1_NONE,f1_FAVOR,f1_AGAINST,accuracy,recall_macro,recall_NONE,recall_FAVOR,recall_AGAINST,precision_macro,precision_NONE,precision_FAVOR,precision_AGAINST,set
0,0.619797596457938,0.5751633986928104,0.5444444444444444,0.7397849462365592,0.6641604010025063,0.6590938863107432,0.5714285714285714,0.7313432835820896,0.6745098039215687,0.6105411020175808,0.5789473684210527,0.4336283185840708,0.819047619047619,all
0,0.6809349746456664,0.6538461538461537,0.6037735849056604,0.7851851851851852,0.7166666666666667,0.6947331793413882,0.53125,0.7619047619047619,0.7910447761194029,0.7098039215686275,0.85,0.5,0.7794117647058824,vali_raw
0,0.5918502086429115,0.5346534653465347,0.5196850393700787,0.7212121212121212,0.6415770609318996,0.6501233425840272,0.6,0.717391304347826,0.6329787234042553,0.5758594778547831,0.48214285714285715,0.4074074074074074,0.8380281690140845,test_raw
