,f1_macro,f1_NONE,f1_FAVOR,f1_AGAINST,accuracy,recall_macro,recall_NONE,recall_FAVOR,recall_AGAINST,precision_macro,precision_NONE,precision_FAVOR,precision_AGAINST,set
0,0.4071093251807621,0.4097035040431267,0.5522388059701493,0.25938566552901027,0.37844611528822053,0.5627571336087578,0.987012987012987,0.5522388059701493,0.14901960784313725,0.6035807357768979,0.2585034013605442,0.5522388059701493,1.0,all
0,0.45007240234512963,0.5123966942148761,0.5128205128205129,0.325,0.45,0.5463234423122483,0.96875,0.47619047619047616,0.19402985074626866,0.6346233874323762,0.34831460674157305,0.5555555555555556,1.0,vali_raw
0,0.38772094555637926,0.36,0.568421052631579,0.23474178403755872,0.34767025089605735,0.5733117483811285,1.0,0.5869565217391305,0.13297872340425532,0.5901775344284055,0.21951219512195122,0.5510204081632653,1.0,test_raw
