,f1_macro,f1_NONE,f1_FAVOR,f1_AGAINST,accuracy,recall_macro,recall_NONE,recall_FAVOR,recall_AGAINST,precision_macro,precision_NONE,precision_FAVOR,precision_AGAINST,set
0,0.6812097565222833,0.6415094339622641,0.6956521739130436,0.7064676616915422,0.6867167919799498,0.798401169603979,0.8831168831168831,0.9552238805970149,0.5568627450980392,0.6722328817566913,0.5037037037037037,0.5470085470085471,0.9659863945578231,all
0,0.7779480630055343,0.7999999999999999,0.7407407407407407,0.7931034482758622,0.7833333333333333,0.837982705520019,0.875,0.9523809523809523,0.6865671641791045,0.7605594071759486,0.7368421052631579,0.6060606060606061,0.9387755102040817,vali_raw
0,0.6372106766472964,0.5633802816901409,0.6769230769230768,0.6713286713286712,0.6451612903225806,0.785349641963888,0.8888888888888888,0.9565217391304348,0.5106382978723404,0.6385908315216121,0.41237113402061853,0.5238095238095238,0.9795918367346939,test_raw
