,f1_macro,f1_NONE,f1_FAVOR,f1_AGAINST,accuracy,recall_macro,recall_NONE,recall_FAVOR,recall_AGAINST,precision_macro,precision_NONE,precision_FAVOR,precision_AGAINST,set
0,0.5449510806183989,0.505050505050505,0.6705882352941177,0.45921450151057397,0.5213032581453634,0.7076038194563217,0.974025974025974,0.8507462686567164,0.2980392156862745,0.6314357163871727,0.3409090909090909,0.5533980582524272,1.0,all
0,0.6312554435734726,0.6526315789473683,0.6666666666666666,0.5744680851063829,0.625,0.7270862947168917,0.96875,0.8095238095238095,0.40298507462686567,0.6862433862433862,0.49206349206349204,0.5666666666666667,1.0,vali_raw
0,0.5071381938747007,0.4356435643564356,0.6722689075630252,0.41350210970464135,0.4767025089605735,0.7026604310138075,0.9777777777777777,0.8695652173913043,0.26063829787234044,0.6093999941831719,0.2802547770700637,0.547945205479452,1.0,test_raw
