,f1_macro,f1_NONE,f1_FAVOR,f1_AGAINST,accuracy,recall_macro,recall_NONE,recall_FAVOR,recall_AGAINST,precision_macro,precision_NONE,precision_FAVOR,precision_AGAINST,set
0,0.2739814779216558,0.07407407407407407,0.19708029197080293,0.5507900677200903,0.38095238095238093,0.30679249537897474,0.03896103896103896,0.40298507462686567,0.47843137254901963,0.5097903176071539,0.75,0.13043478260869565,0.648936170212766,all
0,0.2672547472392012,0.06060606060606061,0.19277108433734938,0.5483870967741935,0.35833333333333334,0.30655502250651506,0.03125,0.38095238095238093,0.5074626865671642,0.5751744953782305,1.0,0.12903225806451613,0.5964912280701754,vali_raw
0,0.27800345028183987,0.08333333333333334,0.19895287958115185,0.5517241379310345,0.3906810035842294,0.30852434302943094,0.044444444444444446,0.41304347826086957,0.46808510638297873,0.48981895820537574,0.6666666666666666,0.1310344827586207,0.6717557251908397,test_raw
