,f1_macro,f1_NONE,f1_FAVOR,f1_AGAINST,accuracy,recall_macro,recall_NONE,recall_FAVOR,recall_AGAINST,precision_macro,precision_NONE,precision_FAVOR,precision_AGAINST,set
0,0.6408856383664835,0.589041095890411,0.5666666666666667,0.7669491525423731,0.6892230576441103,0.6764798366203107,0.5584415584415584,0.7611940298507462,0.7098039215686275,0.6362057406379664,0.6231884057971014,0.45132743362831856,0.8341013824884793,all
0,0.6933110367892977,0.6,0.6538461538461537,0.8260869565217391,0.7416666666666667,0.7096733593935086,0.46875,0.8095238095238095,0.8507462686567164,0.728179110505326,0.8333333333333334,0.5483870967741935,0.8028169014084507,vali_raw
0,0.619032767797738,0.5833333333333334,0.53125,0.7425149700598802,0.6666666666666666,0.673642375029979,0.6222222222222222,0.7391304347826086,0.6595744680851063,0.6043229408925838,0.5490196078431373,0.4146341463414634,0.8493150684931506,test_raw
